model,p,algo,time,epc
ER,0.1,Degree-based,1.6169840059999956,53273.7495
ER,0.1,Betweenness,0.8910282110000054,53049.7035
ER,0.1,PageRank,0.3767000659999979,52917.696
ER,0.1,Greedy,58.94086222999999,60995.7
ER,0.1,Greedy with MIS,29.036811716001463,54924.93225
ER,0.1,GNN (1 shot),1.6182948649998252,55187.34075
ER,0.1,Greedy GNN,30.814323735000016,57333.79125
ER,0.2,Degree-based,0.6804464589999952,95150.35575
ER,0.2,Betweenness,1.2055053010001302,95110.776
ER,0.2,PageRank,0.6816767220000202,95060.14425
ER,0.2,Greedy,104.5029223969998,96843.97575
ER,0.2,Greedy with MIS,36.61733073100004,95395.77225
ER,0.2,GNN (1 shot),1.4894212119997974,94658.463
ER,0.2,Greedy GNN,30.992487082000025,94545.78525
ER,0.3,Degree-based,0.7504140099999859,100184.20425
ER,0.3,Betweenness,1.2838526650002675,100164.3165
ER,0.3,PageRank,0.7714174779998757,100161.48375
ER,0.3,Greedy,114.71362436800018,100468.76625
ER,0.3,Greedy with MIS,35.56338312299886,100046.646
ER,0.3,GNN (1 shot),1.7161718570005178,99859.12875
ER,0.3,Greedy GNN,32.123788302999856,99281.6595
ER,0.4,Degree-based,0.8479011489998811,100896.6375
ER,0.4,Betweenness,1.367363370000021,100901.124
ER,0.4,PageRank,0.8361862899992047,100890.675
ER,0.4,Greedy,136.21915768399958,100941.18075
ER,0.4,Greedy with MIS,36.63676970300003,100685.05875
ER,0.4,GNN (1 shot),1.578992078999363,100763.4105
ER,0.4,Greedy GNN,30.783975067999563,100210.02075
ER,0.5,Degree-based,0.8603442269995867,101010.68325
ER,0.5,Betweenness,1.3694136989997787,101007.261
ER,0.5,PageRank,0.8663226730004681,100999.69425
ER,0.5,Greedy,178.04084670799966,100758.28725
ER,0.5,Greedy with MIS,38.322614463999344,100396.41525
ER,0.5,GNN (1 shot),1.6340317009999126,100960.92225
ER,0.5,Greedy GNN,30.77110759599964,100507.7475
ER,0.6,Degree-based,0.8245580530001462,101023.173
ER,0.6,Betweenness,1.3201565239996853,101024.0235
ER,0.6,PageRank,0.8337505790004798,101022.93675
ER,0.6,Greedy,259.5632547430014,101009.38725
ER,0.6,Greedy with MIS,27.477248131001037,100331.20125
ER,0.6,GNN (1 shot),1.580263264999303,101012.34375
ER,0.6,Greedy GNN,30.74649718699948,100670.62725
ER,0.7,Degree-based,0.7814191510005912,101024.9325
ER,0.7,Betweenness,1.2579505710000376,101024.93025
ER,0.7,PageRank,0.7596278280016122,101024.92575
ER,0.7,Greedy,628.3453058200012,101024.3925
ER,0.7,Greedy with MIS,27.805846225001005,100249.011
ER,0.7,GNN (1 shot),1.557028742001421,101023.95375
ER,0.7,Greedy GNN,30.67949991899877,100806.32025
ER,0.8,Degree-based,0.7094260289995873,101024.99775
ER,0.8,Betweenness,1.2000747159981984,101024.99775
ER,0.8,PageRank,0.7031160840015218,101024.99775
ER,0.8,Greedy,1543.6793463489994,101025.0
ER,0.8,Greedy with MIS,25.27666783299901,99666.18
ER,0.8,GNN (1 shot),1.4964742819975072,101024.874
ER,0.8,Greedy GNN,30.934120170000824,100893.72375
ER,0.9,Degree-based,0.6409676010007388,101025.0
ER,0.9,Betweenness,1.163717726998584,101025.0
ER,0.9,PageRank,0.64333334299954,101025.0
ER,0.9,Greedy,1372.3869785310017,101020.62375
ER,0.9,Greedy with MIS,30.701857353999003,100984.93425
ER,0.9,GNN (1 shot),1.415373399002419,101024.9955
ER,0.9,Greedy GNN,30.667723473001388,100972.746
ER,1.0,Degree-based,0.5855087229974743,101025.0
ER,1.0,Betweenness,1.104918747998454,101025.0
ER,1.0,PageRank,0.6158205589999852,101025.0
ER,1.0,Greedy,1869.1373229739984,101025.0
ER,1.0,Greedy with MIS,25.879168960998868,100111.34925
ER,1.0,GNN (1 shot),1.4161142889970506,101025.0
ER,1.0,Greedy GNN,30.66374846999679,101025.0
BA,0.1,Degree-based,0.0053918189987598,45.882
BA,0.1,Betweenness,0.2117691160019603,48.75075
BA,0.1,PageRank,0.0176359700017201,45.18675
BA,0.1,Greedy,1.4837726059995475,94.06125
BA,0.1,Greedy with MIS,1.0674969909996437,56.5605
BA,0.1,GNN (1 shot),0.1450687350006774,60.05025
BA,0.1,Greedy GNN,3.738055804002215,45.23175
BA,0.2,Degree-based,0.0047131869978329,111.5955
BA,0.2,Betweenness,0.2090081690002989,122.7645
BA,0.2,PageRank,0.0070908380002947,110.07
BA,0.2,Greedy,1.120408953000151,221.93775
BA,0.2,Greedy with MIS,0.981531367999196,126.2565
BA,0.2,GNN (1 shot),0.1489406489999964,171.08775
BA,0.2,Greedy GNN,3.838723648997984,108.7425
BA,0.3,Degree-based,0.0049624719977146,211.53375
BA,0.3,Betweenness,0.2098138479996123,242.54325
BA,0.3,PageRank,0.0066281780018471,204.39675
BA,0.3,Greedy,5.905830618998152,354.11625
BA,0.3,Greedy with MIS,1.9735871419998148,220.0635
BA,0.3,GNN (1 shot),0.145698911997897,442.63125
BA,0.3,Greedy GNN,3.747025926000788,203.42925
BA,0.4,Degree-based,0.0052427619993977,381.2985
BA,0.4,Betweenness,0.2150731770016136,453.65175
BA,0.4,PageRank,0.0200132540012418,360.918
BA,0.4,Greedy,7.338883910000732,474.174
BA,0.4,Greedy with MIS,2.7987669880003523,371.47725
BA,0.4,GNN (1 shot),0.1482142660024692,1391.06025
BA,0.4,Greedy GNN,3.73702924600002,364.1085
BA,0.5,Degree-based,0.006000232999213,698.96925
BA,0.5,Betweenness,0.2099458819975552,925.85475
BA,0.5,PageRank,0.0077439289998437,654.3
BA,0.5,Greedy,10.5922513589976,684.27675
BA,0.5,Greedy with MIS,3.050203976001285,737.4195
BA,0.5,GNN (1 shot),0.1530391730011615,5366.86425
BA,0.5,Greedy GNN,3.738257787001203,670.45725
BA,0.6,Degree-based,0.0071074819970817,1483.24725
BA,0.6,Betweenness,0.2119988609993015,2284.7625
BA,0.6,PageRank,0.0083897080003225,1314.37575
BA,0.6,Greedy,12.499094435999725,6801.291
BA,0.6,Greedy with MIS,2.108695715000067,1139.7915
BA,0.6,GNN (1 shot),0.1741141070015146,15947.262
BA,0.6,Greedy GNN,3.854110040003434,1444.4415
BA,0.7,Degree-based,0.0103718970021873,4004.72325
BA,0.7,Betweenness,0.2206110200022522,7435.062
BA,0.7,PageRank,0.0110039620012685,3309.28425
BA,0.7,Greedy,14.26457163699888,14654.46825
BA,0.7,Greedy with MIS,2.087979866999376,2975.44275
BA,0.7,GNN (1 shot),0.1892582140026206,28653.53625
BA,0.7,Greedy GNN,3.741033195001364,3872.76075
BA,0.8,Degree-based,0.0204126669996185,12322.21725
BA,0.8,Betweenness,0.2389859889990475,22066.227
BA,0.8,PageRank,0.0368385449983179,10191.3615
BA,0.8,Greedy,12.967369124002287,25683.29325
BA,0.8,Greedy with MIS,4.310342083999785,6681.681
BA,0.8,GNN (1 shot),0.2021904309985984,40475.89575
BA,0.8,Greedy GNN,3.742872709000949,12279.159
BA,0.9,Degree-based,0.0364883629990799,29037.22875
BA,0.9,Betweenness,0.2570382470003096,39781.55475
BA,0.9,PageRank,0.0532676310031092,24260.589
BA,0.9,Greedy,13.798839732000488,62166.276
BA,0.9,Greedy with MIS,1.5057127109994326,15516.50175
BA,0.9,GNN (1 shot),0.2130572969981585,51317.1
BA,0.9,Greedy GNN,3.762175784999272,27307.2015
BA,1.0,Degree-based,0.0500336219993187,47883.186
BA,1.0,Betweenness,0.2524351329993806,54493.13025
BA,1.0,PageRank,0.0545997190019988,38463.94575
BA,1.0,Greedy,13.353189141998882,63636.36975
BA,1.0,Greedy with MIS,3.614675971999532,34265.061
BA,1.0,GNN (1 shot),0.2038747469996451,60319.89675
BA,1.0,Greedy GNN,3.865222386000824,42085.1475
SW,0.1,Degree-based,0.0049202270020032,95.6565
SW,0.1,Betweenness,0.2384183060021314,101.8215
SW,0.1,PageRank,0.009221726002579,94.01175
SW,0.1,Greedy,0.5063470979985141,111.5145
SW,0.1,Greedy with MIS,1.5409382809993986,105.74325
SW,0.1,GNN (1 shot),0.1580161429992586,94.44375
SW,0.1,Greedy GNN,5.668830104001245,95.4405
SW,0.2,Degree-based,0.0052643980016,270.90225
SW,0.2,Betweenness,0.2284521120018325,298.19025
SW,0.2,PageRank,0.0069829240019316,263.87325
SW,0.2,Greedy,0.6657286739973642,366.61275
SW,0.2,Greedy with MIS,4.610656025000935,294.79725
SW,0.2,GNN (1 shot),0.1546906660005333,273.70125
SW,0.2,Greedy GNN,5.683107405999181,281.01375
SW,0.3,Degree-based,0.0058942830000887,669.564
SW,0.3,Betweenness,0.2277798499999335,767.90475
SW,0.3,PageRank,0.0075147269999433,650.84175
SW,0.3,Greedy,4.229451609000535,1010.7765
SW,0.3,Greedy with MIS,3.180313823000688,731.10825
SW,0.3,GNN (1 shot),0.162880945001234,704.6505
SW,0.3,Greedy GNN,5.672621993002394,714.1005
SW,0.4,Degree-based,0.0108957470001769,2127.159
SW,0.4,Betweenness,0.229290219998802,2672.93475
SW,0.4,PageRank,0.0101255770023271,1935.5625
SW,0.4,Greedy,10.87681630299994,2582.442
SW,0.4,Greedy with MIS,2.093731304999892,1763.055
SW,0.4,GNN (1 shot),0.1633646730006148,2365.983
SW,0.4,Greedy GNN,5.781984564997401,2352.3435
SW,0.5,Degree-based,0.0294433540002501,12580.0965
SW,0.5,Betweenness,0.2656588959980581,17466.426
SW,0.5,PageRank,0.0268822150028427,10923.381
SW,0.5,Greedy,12.80481192499792,18022.77
SW,0.5,Greedy with MIS,3.7892542270001286,8591.87925
SW,0.5,GNN (1 shot),0.1816170860001875,14378.15025
SW,0.5,Greedy GNN,5.687435739997454,14745.79125
SW,0.6,Degree-based,0.0943613359995652,49442.81625
SW,0.6,Betweenness,0.3328574369988928,57252.357
SW,0.6,PageRank,0.1177498150027531,46717.7085
SW,0.6,Greedy,23.878135580998787,66390.91875
SW,0.6,Greedy with MIS,5.105098463000104,46467.70425
SW,0.6,GNN (1 shot),0.2523980570003914,50406.012
SW,0.6,Greedy GNN,5.805381048001436,54104.625
SW,0.7,Degree-based,0.1383613840007456,77943.6135
SW,0.7,Betweenness,0.3697249769975315,82122.70275
SW,0.7,PageRank,0.1783116959995823,76719.9915
SW,0.7,Greedy,22.28921916300169,83467.58625
SW,0.7,Greedy with MIS,4.77458018499965,69154.7535
SW,0.7,GNN (1 shot),0.2906698540027719,76650.38325
SW,0.7,Greedy GNN,5.820338252000511,81705.0015
SW,0.8,Degree-based,0.1532018560028518,91429.71975
SW,0.8,Betweenness,0.3764517579984385,93481.56675
SW,0.8,PageRank,0.1914407739968737,91183.74525
SW,0.8,Greedy,23.12839532000362,93075.31125
SW,0.8,Greedy with MIS,4.437016019001021,84910.248
SW,0.8,GNN (1 shot),0.3137404619992594,90534.8835
SW,0.8,Greedy GNN,5.948833946000377,94066.992
SW,0.9,Degree-based,0.1491640970052685,97518.7035
SW,0.9,Betweenness,0.3744500469983904,98339.8905
SW,0.9,PageRank,0.1842157290011528,97633.32075
SW,0.9,Greedy,24.38700506400346,92887.59375
SW,0.9,Greedy with MIS,14.560760507998566,94413.83175
SW,0.9,GNN (1 shot),0.304262079000182,96628.851
SW,0.9,Greedy GNN,5.887050895995344,99151.75575
SW,1.0,Degree-based,0.2041800000006333,100138.5045
SW,1.0,Betweenness,0.4102400889969431,100114.3665
SW,1.0,PageRank,0.213845260994276,100122.4125
SW,1.0,Greedy,187.21454373899903,98809.092
SW,1.0,Greedy with MIS,11.955560902999425,98762.193
SW,1.0,GNN (1 shot),0.2781053139988216,99184.82625
SW,1.0,Greedy GNN,5.777161054997123,101025.0
